-- MySQL dump 10.13  Distrib 8.0.21, for Win64 (x86_64)
--
-- Host: 127.0.0.1    Database: debt
-- ------------------------------------------------------
-- Server version	8.0.21

/*!40101 SET @OLD_CHARACTER_SET_CLIENT=@@CHARACTER_SET_CLIENT */;
/*!40101 SET @OLD_CHARACTER_SET_RESULTS=@@CHARACTER_SET_RESULTS */;
/*!40101 SET @OLD_COLLATION_CONNECTION=@@COLLATION_CONNECTION */;
/*!50503 SET NAMES utf8mb4 */;
/*!40103 SET @OLD_TIME_ZONE=@@TIME_ZONE */;
/*!40103 SET TIME_ZONE='+00:00' */;
/*!40014 SET @OLD_UNIQUE_CHECKS=@@UNIQUE_CHECKS, UNIQUE_CHECKS=0 */;
/*!40014 SET @OLD_FOREIGN_KEY_CHECKS=@@FOREIGN_KEY_CHECKS, FOREIGN_KEY_CHECKS=0 */;
/*!40101 SET @OLD_SQL_MODE=@@SQL_MODE, SQL_MODE='NO_AUTO_VALUE_ON_ZERO' */;
/*!40111 SET @OLD_SQL_NOTES=@@SQL_NOTES, SQL_NOTES=0 */;

--
-- Table structure for table `tbl_address`
--

DROP TABLE IF EXISTS `tbl_address`;
/*!40101 SET @saved_cs_client     = @@character_set_client */;
/*!50503 SET character_set_client = utf8mb4 */;
CREATE TABLE `tbl_address` (
  `id` char(32) NOT NULL,
  `address` varchar(255) DEFAULT NULL,
  `name` char(10) DEFAULT NULL,
  `state` char(2) DEFAULT NULL,
  `lawcase_id` char(32) DEFAULT NULL,
  PRIMARY KEY (`id`),
  UNIQUE KEY `table_address_id_uindex` (`id`)
) ENGINE=InnoDB DEFAULT CHARSET=utf8mb4 COLLATE=utf8mb4_0900_ai_ci;
/*!40101 SET character_set_client = @saved_cs_client */;

--
-- Dumping data for table `tbl_address`
--

LOCK TABLES `tbl_address` WRITE;
/*!40000 ALTER TABLE `tbl_address` DISABLE KEYS */;
INSERT INTO `tbl_address` VALUES ('05191b901f894ca7a4ec3a5fb448ca04','浙江省杭州市西湖区下沙街道元成更胜公寓','户籍地址','有效','2e521cf88da24fbc8af215099dbf56fe'),('066239f58d994715a889a8b7a77d7e43','河南省郑州市郑州火车站东广场26号','账单地址','有效','026e9e2497874d15817187508624a9e9'),('0c7a2a40676c43e5b02c92064423b0f7','河南省郑州市高新技术开发区国家科研所','账单地址','有效','87bce6fe79b043a8a5ee7ff1e5dc63ec'),('0d05b89f1c4a4d4bab07856f5197c1f1','江苏省苏州市晶圆工业园','单位地址','有效','49b1c90cfc64440ab25a679fe4e61fab'),('0d97ab5bb46844cbac2751a498ac3953','河南省焦作市山阳区焦作大学教职工宿舍','账单地址','有效','b9fad8dc1f454805be2d97006c0e8fec'),('0db10ca91f454922b4d52c0da95aa0b8','浙江省杭州市西湖区下沙街道元成更胜公寓','户籍地址','有效','e4cde219428f425db9cb792995971175'),('0ea50304bae2474588b6480dbc07393e','浙江省杭州市江干区九堡街道东方电子商务园','单位地址','有效','8c18e871ffb64ffca5f136ac5543031d'),('0f949b928c1040e0811cd8952e6c267a','湖南省长沙市白沙街道白沙路4号','账单地址','有效','2e521cf88da24fbc8af215099dbf56fe'),('0f9b52168e1048628b2149d9da9c27a8','江苏省吴江市芦墟镇','户籍地址','有效','0130faf9777a4efea60cbec0cd5ad6ad'),('0ffb90729f2b436383b2e60c82e8ed7a','湖南省邵阳市邵阳区阳关风景度假村北6东街','现居住地','有效','e4cde219428f425db9cb792995971175'),('10263aba9c354a37a4cade140ddc1ec4','上海市黄浦区广厦城市之巅','现居住地','有效','73d54e878e8e433584c7347b93638cd4'),('1131d95ff7a3440587137962cdd0b954','河南省焦作市马村区红旗路151号','单位地址','有效','b9fad8dc1f454805be2d97006c0e8fec'),('123ece556e154ea4aef9174bbced1b02','浙江省杭州市西湖区下沙街道元成更胜公寓','户籍地址','有效','0b39abba63fc4c2e9be3ccf7e3b2ffe5'),('143d615029734deab3ddca10829639f3','江苏省苏州市晶圆工业园','账单地址','有效','558f9ef3d7294133bd1e9f864a570a30'),('144ff4979d584f548a319938b9884c7f','河南省郑州市高新技术开发区国家科研所','账单地址','有效','3760bb1bf5164f09aee4db7cec26f2eb'),('14912267941244debef776cfcdb73d4c','浙江省杭州市江干区九堡街道东方电子商务园','单位地址','有效','6e047b288e7b42c4bcb29e876c768217'),('16382a9b5cf74bc0a2b475b5951dbbbb','河南省焦作市山阳区焦作大学教职工宿舍','现居住地','有效','4c32bfd79283418b9f2fa32854b7b526'),('17c8278a8d734fedaa1734234bcd64ca','河南省郑州市金水区福元路李庄新城','户籍地址','有效','c5033289a50d4577bae8d7be1f837ea4'),('1b0538c506e4411cae2f836fce8fd08a','浙江省杭州市江干区九堡街道东方电子商务园','账单地址','有效','84b95b4e5221435fad6f2545ca44ad17'),('1b09e04849d744c5898a75f365368870','江苏省吴江市芦墟镇','户籍地址','有效','3a46ad6c74e64fa2b0c4ca2c5e8e719b'),('1c1e9b817f6c450faeccf28f41502585','河南省郑州市郑州火车站东广场26号','账单地址','有效','8a0c4597a8f546cc8d319359f14658d2'),('1c25177f087e4fba89ac58335f31d086','河南省郑州市中原区嵩阳街道大理新归园','账单地址','有效','3d9edc28aeff4b579012d6877ec69a91'),('1e4478e5815341f4ae520a4e90ee6684','湖南省长沙市白沙街道白沙路4号','账单地址','有效','2f8bf1c084174a96a3297c97f1532679'),('1eb45e354a5347efa61776bfbe3cb286','浙江省杭州市西湖区下沙街道元成更胜公寓','户籍地址','有效','8a0c4597a8f546cc8d319359f14658d2'),('207a47e82fdf41e681b0e8a3e5a28b79','浙江省杭州市西湖区下沙街道元成更胜公寓','户籍地址','有效','d0cca57996e540df88035f08937a77d3'),('2124fa947ecb4b8e88d4af4dd38e5cb1','浙江省杭州市江干区下沙街道和天下1楼120室','现居住地','有效','8c18e871ffb64ffca5f136ac5543031d'),('21f2ffae499e4a1ea49f49ba9b1a6ea4','河南省焦作市山阳区焦作大学教职工宿舍','现居住地','有效','770df2c373374cb697dbf4d1b76deb8c'),('21f323bb9ac540edb2a8b9a2fb5fcc48','河南省焦作市山阳区焦作大学对面300米路东','单位地址','有效','9f92e6e03f214c1a9c43dec6a2cc13d3'),('21f75b4ae4a449f8a0e77dd127601190','浙江省金华市玉兰镇飞虎街道天上人间对门','单位地址','有效','0fe9eb681a9548c08ae3a35f5ec63f5f'),('22b1570052e04491979f8ae58cc8adeb','江苏省苏州市晶圆工业园','账单地址','有效','8ba22b18624a4a819b762a464b49e9ae'),('23d1b2b75e584d20b087f0b19dccba30','江苏省苏州市晶圆工业园','账单地址','有效','a932cfbb633549be9d30aa36fbf31fb3'),('2411cb8823b54d3e88b3c0bd9b1cf969','浙江省舟山市柳江新天地A座1单元626号','单位地址','有效','844aafbb82d646088493ce1ae555e4ac'),('2611596248d74bc99d389811f89f21f2','焦作市沁阳市沁园街道工贸学院党支部','户籍地址','有效','558f9ef3d7294133bd1e9f864a570a30'),('27fd790656a2429db8eb63944641a093','河南省郑州市高新技术开发区国家科研所','单位地址','有效','3760bb1bf5164f09aee4db7cec26f2eb'),('28040548526b4dbc9f8df378687380e9','河南省郑州市郑州火车站东广场26号','账单地址','有效','5e13041d08154afea2cf24d674e33b1a'),('2a8f4478cba448d59ba3dacd1ac91e22','河南省焦作市山阳区焦作大学对面300米路东','账单地址','有效','9f92e6e03f214c1a9c43dec6a2cc13d3'),('2cea53d2c246458693e26653d97e941a','焦作市沁阳市沁园街道工贸学院党支部','户籍地址','有效','8ba22b18624a4a819b762a464b49e9ae'),('2e70a20f44fa4f4594f8dc099b98a075','河南省郑州市管城区升龙又一城A栋1单元3层304室','现居住地','有效','d0cca57996e540df88035f08937a77d3'),('2e7f6c0a01da48869c7d1a82b816c4cf','河南省郑州市郑州火车站东广场26号','账单地址','有效','a778cb2be5024aa2b39a91a5e89847ab'),('2fbfc17e13034c64b42e9f90d0edf914','河南省焦作市山阳区焦作大学对面300米路东','账单地址','有效','770df2c373374cb697dbf4d1b76deb8c'),('30e6465885db4c0c9ef80c084661e8a0','河南省郑州市郑州火车站东广场26号','单位地址','有效','026e9e2497874d15817187508624a9e9'),('31093967727d4760a6e1ccf7e7cfe827','湖南省邵阳市邵阳区阳关风景度假村北6东街','户籍地址','有效','0ccc2e62287b4781aaf6c86f0097d26d'),('310a432b916a4650ab51528ba26bd57f','河南省郑州市高新技术开发区国家科研所','账单地址','有效','3a46ad6c74e64fa2b0c4ca2c5e8e719b'),('32ef871787c64726925926d358cb0f27','河南省郑州市郑州火车站东广场26号','单位地址','有效','3e9b6528221c41f4b1a16c7a0b220fe9'),('33d357e758be4ab2a9189aac55fe20a1','河南省郑州市郑州火车站东广场26号','单位地址','有效','a778cb2be5024aa2b39a91a5e89847ab'),('340382d6e7a049a9acf32d4f913a403c','河南省郑州市郑州火车站东广场26号','单位地址','有效','7349da3a65e4428b986edfd27451e726'),('3418f6409d914a96bafff625307a452d','江苏省苏州市晶圆工业园','单位地址','有效','558f9ef3d7294133bd1e9f864a570a30'),('351e87260f474eafad6d4d4c25231c24','河南省郑州市郑州火车站东广场26号','单位地址','有效','5e13041d08154afea2cf24d674e33b1a'),('3678eb7e71d649e1a6d4b99b3bc2b689','广东省揭阳市玉兰镇李家弄106号','户籍地址','有效','24513acf55be401987f135c2e6de6dd2'),('37db2e37c2e04c4186c63f337670588b','河南省洛阳市宛城区西城街道支行106号','户籍地址','有效','3d9edc28aeff4b579012d6877ec69a91'),('3b1319dc60514b6c99e04c7383e75676','江苏省苏州市晶圆男生宿舍1楼841号','现居住地','有效','a932cfbb633549be9d30aa36fbf31fb3'),('3b4bd24455c948c5933eef82158eb8c2','焦作市沁阳市沁园街道工贸学院党支部','户籍地址','有效','b9fad8dc1f454805be2d97006c0e8fec'),('3c0124a1038842aa886b49326a0aef24','郑州市金水区郑州大学新创土木实验室','新创土木实验室','有效','cc2380d6034546159987866d40584558'),('3ce6d4ff3cab487a8395e34449e44d50','浙江省金华市玉兰镇飞虎街道天上人间对门','账单地址','有效','0fe9eb681a9548c08ae3a35f5ec63f5f'),('3d84f77e4d1b4386ac890c1be3c9409a','河南省焦作市山阳区焦作大学对面300米路东','账单地址','有效','c5033289a50d4577bae8d7be1f837ea4'),('3f073157e76e4eeb95397261811bb3d9','河南省郑州市郑州火车站东广场26号','账单地址','有效','3e9b6528221c41f4b1a16c7a0b220fe9'),('3f4f50a42c7a463798525a1715719512','江苏省苏州市晶圆工业园','单位地址','有效','24513acf55be401987f135c2e6de6dd2'),('3f4fee43a52d48daa3d1dc638046617f','湖南省邵阳市邵阳区阳关风景度假村北6东街','现居住地','有效','0b39abba63fc4c2e9be3ccf7e3b2ffe5'),('411c9a1f05b7414e8ac1ad613e786a9a','焦作市沁阳市沁园街道工贸学院党支部','户籍地址','有效','a932cfbb633549be9d30aa36fbf31fb3'),('4448afc92e2d4d579d8db125dd491469','焦作市沁阳市沁园街道工贸学院党支部','户籍地址','有效','a28831daa1cc499c8399690bf4c4c1c6'),('4498460ab1f248f79e7649f909479e72','广东省揭阳市玉兰镇李家弄106号','户籍地址','有效','3e9b6528221c41f4b1a16c7a0b220fe9'),('456535abccf64caa97cb6ccb154098a5','河南省郑州市郑州火车站东广场26号','账单地址','有效','22eed6420e3249a5b2884d924226bfdb'),('47c3ec276ce64b0d9878f27812bf282b','河南省郑州市金水区福元路李庄新城','现居住地','有效','0130faf9777a4efea60cbec0cd5ad6ad'),('48e98dbb57084c6083684a25d1b9d82b','浙江省杭州市江干区下沙街道和天下1楼120室','现居住地','有效','84b95b4e5221435fad6f2545ca44ad17'),('49ea04d37a134f6e83f471e66b72b01e','江苏省苏州市晶圆工业园','单位地址','有效','bced4a6e55f24edda6ea14901be5c583'),('4abc3aef4a7d4f3487c13998fb19295e','浙江省杭州市西湖区下沙街道元成更胜公寓','户籍地址','有效','2f8bf1c084174a96a3297c97f1532679'),('4ce3c05049ff4c538f70bbb177658b5a','江苏省苏州市晶圆工业园','单位地址','有效','dc53631d059748d68001988148c6bf5a'),('4d0493570b4b42b6a74c0da38dad93a0','湖南省邵阳市邵阳区阳关风景度假村北6东街','户籍地址','有效','8e18410f6a204363b24860ff1af76149'),('4e132c2b56ce4b9389110ba87b1a1c29','河南省焦作市山阳区焦作大学教职工宿舍','账单地址','有效','bf87afa331f7456189d5b294ea88a06e'),('4f941e5377954f3fa118df7489f2e46d','浙江省杭州市江干区下沙街道和天下1楼120室','现居住地','有效','6e047b288e7b42c4bcb29e876c768217'),('4fc4c0f947894e28b708e827bbdb4fac','湖南省邵阳市邵阳区阳关风景度假村北6东街','现居住地','有效','2f8bf1c084174a96a3297c97f1532679'),('5033c05cdc5a42e599a4d2ae4259146f','河南省郑州市管城区升龙又一城A栋1单元3层304室','现居住地','有效','7349da3a65e4428b986edfd27451e726'),('534f096333634e068e70e5e8c0771e26','江苏省苏州市晶圆工业园','单位地址','有效','8ba22b18624a4a819b762a464b49e9ae'),('546073b696634ee3895eea8c48545a64','河南省新乡市红旗区兰屿新村1栋3层478室','户籍地址','有效','64512ae2062047c6ba1331a42bb5eb8b'),('556309420c7440e5b3b646370348c67a','江苏省苏州市晶圆男生宿舍1楼841号','现居住地','有效','8a1a69cb9fdf4448879335a578e70eb6'),('55d7913b42d948569cebf66a59fb22e2','河南省郑州市中原区嵩阳街道大理新归园','现居住地','有效','22eed6420e3249a5b2884d924226bfdb'),('57b80a53185e4d99ab93be20ff95fd02','湖南省长沙市白沙街道白沙路4号','账单地址','有效','0b39abba63fc4c2e9be3ccf7e3b2ffe5'),('592778123a424197babcd3fb6e7aa606','浙江省舟山市留园街道初一府4栋3单元4层215室','现居住地','有效','844aafbb82d646088493ce1ae555e4ac'),('5ca38982d9a8430689e303d584a8283a','河南省郑州市郑州火车站东广场26号','单位地址','有效','8a0c4597a8f546cc8d319359f14658d2'),('5d85bca3387d4d4fad578800b7d84bb9','江苏省苏州市晶圆工业园','账单地址','有效','bced4a6e55f24edda6ea14901be5c583'),('5dddc3b0f0bf46778d0bac0195e2c1cc','河南省焦作市山阳区焦作大学教职工宿舍','账单地址','有效','e9c5e6fd786842c795f90ed58271c638'),('5f11627251304f2bb47e346fa4712a48','江苏省苏州市晶圆工业园','账单地址','有效','dc53631d059748d68001988148c6bf5a'),('5f4c065046be4199aa5ccc49121fbfe4','江苏省无锡市梅村街道干休所4栋781室','户籍地址','有效','8c18e871ffb64ffca5f136ac5543031d'),('622daab04a8c42b79a54de8a725752cc','浙江省舟山市柳江新天地A座1单元626号','账单地址','有效','64512ae2062047c6ba1331a42bb5eb8b'),('636a5608b70e4a32839b4ed2b3ef85f7','河南省焦作市山阳区焦作大学对面300米路东','单位地址','有效','4c32bfd79283418b9f2fa32854b7b526'),('63a3604a572b4e289703fa55e66d19b4','江苏省苏州市晶圆工业园','账单地址','有效','8a1a69cb9fdf4448879335a578e70eb6'),('68260eff2109445bb9ebad50c2336159','广东省揭阳市玉兰镇李家弄106号','户籍地址','有效','49b1c90cfc64440ab25a679fe4e61fab'),('69e0105a33b24fd1a91423388f891701','河南省郑州市金水区福元路李庄新城','现居住地','有效','4afde54b5a954463b0b20658466821f8'),('6a892219ae92459d9bbf39d92c0ee7a4','浙江省杭州市西湖区下沙街道元成更胜公寓','户籍地址','有效','5e13041d08154afea2cf24d674e33b1a'),('6a9561f741b44bf184d24db316a3dc4a','河南省洛阳市宛城区西城街道支行106号','户籍地址','有效','100e73475dbb495d9c84c7491668a6f1'),('6ede140256bb454cb2a3b62bc9b2574d','河南省郑州市高新技术开发区国家科研所','单位地址','有效','3a46ad6c74e64fa2b0c4ca2c5e8e719b'),('70d77082e83e43f6bf671760d648d5ab','广东省揭阳市玉兰镇李家弄106号','户籍地址','有效','8a1a69cb9fdf4448879335a578e70eb6'),('74bf862f710c41e88162c327817ad5d7','河南省郑州市管城区升龙又一城A栋1单元3层304室','现居住地','有效','5e13041d08154afea2cf24d674e33b1a'),('76c0ce99f3b84a478552aba2be7c2375','河南省郑州市高新技术开发区国家科研所','账单地址','有效','0130faf9777a4efea60cbec0cd5ad6ad'),('7864d9f6cbf64d7287bfef60078e4488','浙江省舟山市柳江新天地A座1单元626号','单位地址','有效','4f1cada326c541d4963cf2d46288805f'),('78de263de4314979bedd1cea298a850d','郑州市金水区汇港新城B栋23楼427室','账单地址','有效','cc2380d6034546159987866d40584558'),('7a05b721208b41b1b47810231900a13c','上海市黄浦区新天地工业员物资方磨具','账单地址','有效','73d54e878e8e433584c7347b93638cd4'),('7a4a9cc168014353a278249a75d9fcf0','焦作市沁阳市沁园街道工贸学院党支部','户籍地址','有效','e9c5e6fd786842c795f90ed58271c638'),('7aeb62e485584cea960b9b84c3fef80d','湖南省长沙市白沙街道白沙路4号','单位地址','有效','2e521cf88da24fbc8af215099dbf56fe'),('7b1bf223ad6440928560627369e8f6ae','江苏省苏州市晶圆男生宿舍1楼841号','现居住地','有效','dc53631d059748d68001988148c6bf5a'),('7c34b31422c845a7ad570fbd930a1213','河南省焦作市山阳区焦作大学教职工宿舍','现居住地','有效','9f92e6e03f214c1a9c43dec6a2cc13d3'),('80cf284e3b8e4d63a1c98c20fa5eb782','浙江省杭州市江干区九堡街道东方电子商务园','单位地址','有效','84b95b4e5221435fad6f2545ca44ad17'),('8245422ef69a4d1ca27e902b08994e7b','河南省郑州市高新技术开发区国家科研所','单位地址','有效','87bce6fe79b043a8a5ee7ff1e5dc63ec'),('8275428c43ec455bbd5e245b99346264','河南省郑州市管城区文心路375号','单位地址','有效','0ffb6673e709417da0739f6431a918ee'),('84ca64ddf7274185ba98f3d534d0dbe9','河南省郑州市金水区福元路李庄新城','现居住地','有效','b690543c69ef4fc2938a84469912e3ec'),('8556f0b4fb094241a1bf9d3c939bbac2','浙江省杭州市江干区九堡街道东方电子商务园','账单地址','有效','8c18e871ffb64ffca5f136ac5543031d'),('8577901ffb79455299208e3f9120ab95','浙江省舟山市留园街道初一府4栋3单元4层215室','现居住地','有效','64512ae2062047c6ba1331a42bb5eb8b'),('8723ecb78244430bade54a252a71a602','浙江省舟山市留园街道初一府4栋3单元4层215室','现居住地','有效','13b855b7d79746459e7e722867c4d44d'),('88156a7dd8d54248b76b805e08305251','湖南省邵阳市邵阳区阳关风景度假村北6东街','户籍地址','有效','5f763c9e8a46432fb323e601eb333370'),('8a0442c35bd04f219716d61b07ff695d','上海市黄浦区广厦城市之巅','现居住地','有效','8e18410f6a204363b24860ff1af76149'),('8a97bf7a9ceb47399bd3b336e4313e2c','河南省新乡市红旗区兰屿新村1栋3层478室','户籍地址','有效','844aafbb82d646088493ce1ae555e4ac'),('8bc1b0289b0c4831add7e17323858be4','河南省新乡市红旗区兰屿新村1栋3层478室','户籍地址','有效','0ffb6673e709417da0739f6431a918ee'),('8cdec8d3a5fd4c9faf47dd5fc7621fea','江苏省苏州市晶圆工业园','单位地址','有效','a932cfbb633549be9d30aa36fbf31fb3'),('8d49108f005544919ac0cbfafee6e8a1','河南省焦作市山阳区焦作大学教职工宿舍','账单地址','有效','a28831daa1cc499c8399690bf4c4c1c6'),('8de724b0ba6d4b93a8c38bfb8dcc3c0a','河南省焦作市武陟县詹店镇刘村北五东街三号','现居住地','有效','a28831daa1cc499c8399690bf4c4c1c6'),('8e08c6076a1a48a2bba5dd6e0225014e','河南省郑州市高新技术开发区国家科研所','单位地址','有效','0130faf9777a4efea60cbec0cd5ad6ad'),('8e35ce5a999d4b05b299de3d2cec9b51','河南省郑州市金水区福元路李庄新城','现居住地','有效','100e73475dbb495d9c84c7491668a6f1'),('9086b3d0877a423c86c2317a2b403756','郑州市金水区汇港新城B栋23楼427室','现居住地','有效','cc2380d6034546159987866d40584558'),('93663a24f2e64e968084b87093b36443','河南省郑州市中原区嵩阳街道大理新归园','现居住地','有效','026e9e2497874d15817187508624a9e9'),('937127b7b25c441cae75753a5e41180b','江苏省苏州市晶圆男生宿舍1楼841号','现居住地','有效','558f9ef3d7294133bd1e9f864a570a30'),('939b6afa37d44276aaf899d781056f00','上海市黄浦区新天地工业员物资方磨具','单位地址','有效','73d54e878e8e433584c7347b93638cd4'),('94d9c9c24b6f4fbba29316134d9470a4','湖南省邵阳市邵阳区阳关风景度假村北6东街','户籍地址','有效','73d54e878e8e433584c7347b93638cd4'),('966bd9cca0d5465db562f9b97b20bdf8','河南省郑州市金水区福元路李庄新城','户籍地址','有效','4c32bfd79283418b9f2fa32854b7b526'),('9a14335cd86e4a1b80f298ba808ed0b3','上海市黄浦区广厦城市之巅','现居住地','有效','0ccc2e62287b4781aaf6c86f0097d26d'),('9ac71abc068748ef8086b99f4bae66ae','湖南省邵阳市邵阳区阳关风景度假村北6东街','现居住地','有效','2e521cf88da24fbc8af215099dbf56fe'),('9c4aadf7fb75495dbb0dcb2001bdc716','广东省揭阳市玉兰镇李家弄106号','户籍地址','有效','a778cb2be5024aa2b39a91a5e89847ab'),('9cf9f0e3cdaa435bb7086dcbc1f14914','河南省郑州市中原区嵩阳街道大理新归园','现居住地','有效','a778cb2be5024aa2b39a91a5e89847ab'),('9daca739d5f647dda09c84476235fbb0','上海市黄浦区新天地工业员物资方磨具','单位地址','有效','8e18410f6a204363b24860ff1af76149'),('9db63bf58bd84ca58d17c8aab1b6c45d','河南省郑州市中原区嵩阳街道大理新归园','单位地址','有效','4afde54b5a954463b0b20658466821f8'),('9ea5fecc57c1489a8dc3b9d0d296f0dc','浙江省舟山市柳江新天地A座1单元626号','账单地址','有效','4f1cada326c541d4963cf2d46288805f'),('9ed08c324e634366ab49ff4f3b05579c','广东省揭阳市玉兰镇李家弄106号','户籍地址','有效','22eed6420e3249a5b2884d924226bfdb'),('a219647059544448a5d550c6c2cce31f','浙江省杭州市江干区下沙街道和天下1楼120室','现居住地','有效','fb71ea663229415d92506136286dc64b'),('a27978c3fa6f40b1b5a754ee11e239f9','河南省郑州市郑州火车站东广场26号','账单地址','有效','d0cca57996e540df88035f08937a77d3'),('a3c56c4202a74654866b4d111fb98bfb','湖南省长沙市白沙街道白沙路4号','单位地址','有效','0b39abba63fc4c2e9be3ccf7e3b2ffe5'),('a4807fdc97ef4499af264590fe5cbd85','河南省焦作市山阳区焦作大学教职工宿舍','现居住地','有效','c5033289a50d4577bae8d7be1f837ea4'),('a81bde8357ba4881b665eaf2d365c516','河南省郑州市中原区嵩阳街道大理新归园','单位地址','有效','3d9edc28aeff4b579012d6877ec69a91'),('a9d8783ba50543959e4776f8160be51a','浙江省舟山市柳江新天地A座1单元626号','账单地址','有效','13b855b7d79746459e7e722867c4d44d'),('aa9079d66f0647f68c9803f478180b54','浙江省金华市玉兰镇飞虎街道','户籍地址','有效','0fe9eb681a9548c08ae3a35f5ec63f5f'),('aab598184f0e48b5947e56d39dbe01fb','河南省郑州市管城区升龙又一城A栋1单元3层304室','现居住地','有效','8a0c4597a8f546cc8d319359f14658d2'),('aacd70a5d1c841e7927ca07ca5abcb81','河南省焦作市马村区红旗路151号','单位地址','有效','a28831daa1cc499c8399690bf4c4c1c6'),('ab10a41c8a5f4a25a9e90fb474a82948','河南省郑州市金水区福元路李庄新城','现居住地','有效','87bce6fe79b043a8a5ee7ff1e5dc63ec'),('ab63bb5fb7a1447fa1e17df45336f890','河南省郑州市金水区福元路李庄新城','现居住地','有效','3a46ad6c74e64fa2b0c4ca2c5e8e719b'),('abf2e929ed8f478788801f847da7bc57','河南省郑州市郑州火车站东广场26号','单位地址','有效','22eed6420e3249a5b2884d924226bfdb'),('acf15024f7674ffda80548fe74002a30','浙江省舟山市柳江新天地A座1单元626号','账单地址','有效','844aafbb82d646088493ce1ae555e4ac'),('ae863176b9f34b0790c975933011a86c','河南省焦作市武陟县詹店镇刘村北五东街三号','现居住地','有效','e9c5e6fd786842c795f90ed58271c638'),('af2753b75a2f43dd8600925596294145','江苏省苏州市晶圆男生宿舍1楼841号','现居住地','有效','49b1c90cfc64440ab25a679fe4e61fab'),('afc9fbf775e3423b8d807f8113029713','广东省揭阳市玉兰镇李家弄106号','户籍地址','有效','dc53631d059748d68001988148c6bf5a'),('b0a5cc9d706a44f9bce0029e1ad0a6f9','浙江省舟山市柳江新天地A座1单元626号','单位地址','有效','13b855b7d79746459e7e722867c4d44d'),('b0eae41652a342c9848db998df340710','浙江省杭州市江干区九堡街道东方电子商务园','单位地址','有效','fb71ea663229415d92506136286dc64b'),('b13829c7089f4359987cbf391ee6f342','上海市黄浦区新天地工业员物资方磨具','账单地址','有效','8e18410f6a204363b24860ff1af76149'),('b32348712025481494f963595f566112','焦作市沁阳市沁园街道工贸学院党支部','户籍地址','有效','bf87afa331f7456189d5b294ea88a06e'),('b354a4ca9b5c4e78a20cf8606f6f7d14','焦作市沁阳市沁园街道工贸学院党支部','户籍地址','有效','bced4a6e55f24edda6ea14901be5c583'),('b3f7242ceed44fc8a80a49483a647605','江苏省苏州市晶圆工业园','账单地址','有效','49b1c90cfc64440ab25a679fe4e61fab'),('b70cecc81186427faa91dbfe360f51e4','河南省郑州市中原区嵩阳街道大理新归园','单位地址','有效','b690543c69ef4fc2938a84469912e3ec'),('b793aeb2db7a418ab160f6d9a0002d54','浙江省舟山市柳江新天地A座1单元626号','单位地址','有效','64512ae2062047c6ba1331a42bb5eb8b'),('b84ed88eba0947d4bfc022973dbe3a35','江苏省吴江市芦墟镇','户籍地址','有效','3760bb1bf5164f09aee4db7cec26f2eb'),('b855dd7092db41cdb039247b78d82cc9','湖南省长沙市白沙街道白沙路4号','单位地址','有效','2f8bf1c084174a96a3297c97f1532679'),('bd81b4e73c7444ae98098defb1657b2d','河南省洛阳市宛城区西城街道支行106号','户籍地址','有效','b690543c69ef4fc2938a84469912e3ec'),('bde48c279f2b424d90b1d03d5b9f05e9','河南省郑州市管城区文心路375号','账单地址','有效','0ffb6673e709417da0739f6431a918ee'),('bf5d754343964bbab0d3e2b4db204981','江苏省苏州市晶圆男生宿舍1楼841号','现居住地','有效','24513acf55be401987f135c2e6de6dd2'),('bf89721a72f94a15b3f540498ae10b5e','河南省焦作市山阳区焦作大学对面300米路东','单位地址','有效','770df2c373374cb697dbf4d1b76deb8c'),('c0a5ea15738345ac857cabb5c1df044c','河南省郑州市金水区红专路港都新村','户籍地址','有效','cc2380d6034546159987866d40584558'),('c174bdd0e1264f9c8b9565869836afbc','河南省焦作市武陟县詹店镇刘村北五东街三号','现居住地','有效','bf87afa331f7456189d5b294ea88a06e'),('c22380d60345461qwerf866d40584558','郑州市郑东新区天籁府4栋7楼123室','现居住地','失效','cc2380d603454615ba7f866d40584558'),('c22380d60355461qwerf866d40584558','焦作市武陟县大虹桥乡小高山村','户籍地址','失效','cc2380d603454615ba7f866d40584558'),('c564074121d344f4abe10eca9c7bf770','上海市黄浦区广厦城市之巅','现居住地','有效','5f763c9e8a46432fb323e601eb333370'),('c7a8013fa2c0444b8c7ca4cf03252d11','河南省焦作市武陟县詹店镇刘村北五东街三号','现居住地','有效','b9fad8dc1f454805be2d97006c0e8fec'),('c7bba83e15bc4a8ca964689611ae1c96','河南省焦作市山阳区焦作大学对面300米路东','账单地址','有效','4c32bfd79283418b9f2fa32854b7b526'),('cbbf035f29e54a349505270a9f78cbb0','河南省新乡市红旗区兰屿新村1栋3层478室','户籍地址','有效','4f1cada326c541d4963cf2d46288805f'),('cc2380d60345461qwerf866d40584558','郑州市郑东新区金水东路49号绿地原盛国际3号楼C座2层','悦来大酒店','失效','cc2380d603454615ba7f866d40584558'),('cf85100306bc47e4b9e4100f7f4b5cbc','江苏省无锡市梅村街道干休所4栋781室','户籍地址','有效','fb71ea663229415d92506136286dc64b'),('d15da255f5974f6f9b7e7bc0b380cbb5','河南省焦作市山阳区焦作大学对面300米路东','单位地址','有效','c5033289a50d4577bae8d7be1f837ea4'),('d2f7d8e7609240e09d11faf79c57e407','河南省新乡市红旗区兰屿新村1栋3层478室','户籍地址','有效','13b855b7d79746459e7e722867c4d44d'),('d7421a9741094304b8c757ae0fefc125','江苏省苏州市晶圆男生宿舍1楼841号','现居住地','有效','8ba22b18624a4a819b762a464b49e9ae'),('d76aafb38b844bab80bc682ddf00d438','河南省郑州市中原区嵩阳街道大理新归园','账单地址','有效','4afde54b5a954463b0b20658466821f8'),('d7d54f555a3b4c48bd7f156e6b0c1e56','浙江省杭州市江干区九堡街道东方电子商务园','账单地址','有效','6e047b288e7b42c4bcb29e876c768217'),('d9a8a8f149a44ba5a108a19ed7d1c842','河南省郑州市金水区福元路李庄新城','户籍地址','有效','9f92e6e03f214c1a9c43dec6a2cc13d3'),('dca2b47f45a24a8585b76c7e7cfa6800','河南省郑州市中原区嵩阳街道大理新归园','账单地址','有效','b690543c69ef4fc2938a84469912e3ec'),('ddfcd84c4953452783f2bc561006b1e9','河南省郑州市金水区福元路李庄新城','户籍地址','有效','770df2c373374cb697dbf4d1b76deb8c'),('deda6ec9077b4ea19dde42d178a9279c','江苏省苏州市晶圆工业园','单位地址','有效','8a1a69cb9fdf4448879335a578e70eb6'),('df4d3b46efd84cd3b2981d2c66f38a75','江苏省吴江市芦墟镇','户籍地址','有效','87bce6fe79b043a8a5ee7ff1e5dc63ec'),('e0d047b8d353403d9b7ef926021b6a1d','河南省郑州市郑州火车站东广场26号','账单地址','有效','7349da3a65e4428b986edfd27451e726'),('e2aed72111514ee885488615103e3adf','河南省郑州市中原区嵩阳街道大理新归园','单位地址','有效','100e73475dbb495d9c84c7491668a6f1'),('e2d720c320be42cc96cd3dc93d58fa7e','湖南省长沙市白沙街道白沙路4号','账单地址','有效','e4cde219428f425db9cb792995971175'),('e3173705d70a4060b18048d7e0612efe','江苏省苏州市晶圆男生宿舍1楼841号','现居住地','有效','bced4a6e55f24edda6ea14901be5c583'),('e97e4f59ff344902b93677494510f8d4','浙江省杭州市西湖区下沙街道元成更胜公寓','户籍地址','有效','7349da3a65e4428b986edfd27451e726'),('ea3ed1b9d6cc49978ed04debc058d187','浙江省杭州市江干区九堡街道东方电子商务园','账单地址','有效','fb71ea663229415d92506136286dc64b'),('ebada1d2ca4f4a08bb66f274fb70c165','浙江省金华市玉兰镇飞虎街道足疗保健中心','现居住地','有效','0fe9eb681a9548c08ae3a35f5ec63f5f'),('ebdc773d5ed843cf993f787c10963b58','河南省洛阳市宛城区西城街道支行106号','户籍地址','有效','4afde54b5a954463b0b20658466821f8'),('ec27c854c23a4b3d8b84d5ed6772cff5','河南省焦作市马村区红旗路151号','单位地址','有效','bf87afa331f7456189d5b294ea88a06e'),('ecc67dbf4f1145c8945015ea22635ce4','上海市黄浦区新天地工业员物资方磨具','账单地址','有效','0ccc2e62287b4781aaf6c86f0097d26d'),('ecd8073a748f486caff85a6083831a14','河南省郑州市管城区升龙又一城A栋1单元3层304室','现居住地','有效','0ffb6673e709417da0739f6431a918ee'),('ed9c64e79e994148854871b97b8d2312','上海市黄浦区新天地工业员物资方磨具','账单地址','有效','5f763c9e8a46432fb323e601eb333370'),('ee0a9755b25d4c58abde88bca66985db','广东省揭阳市玉兰镇李家弄106号','户籍地址','有效','026e9e2497874d15817187508624a9e9'),('f09c2daafb8245a19d8624ae9c4478b4','河南省郑州市中原区嵩阳街道大理新归园','账单地址','有效','100e73475dbb495d9c84c7491668a6f1'),('f293fa7e7cfe4e248f28758e2bacbd30','上海市黄浦区新天地工业员物资方磨具','单位地址','有效','0ccc2e62287b4781aaf6c86f0097d26d'),('f3d2e4e8f1814c7b91895828d93e32d8','河南省郑州市金水区福元路李庄新城','现居住地','有效','3d9edc28aeff4b579012d6877ec69a91'),('f4ee3eb786104c6f9a078a993c0722ef','河南省焦作市马村区红旗路151号','单位地址','有效','e9c5e6fd786842c795f90ed58271c638'),('f5370c2499d34a348388810b48b0ab3c','河南省郑州市中原区嵩阳街道大理新归园','现居住地','有效','3e9b6528221c41f4b1a16c7a0b220fe9'),('f5dcf80ddfc24dcc8fe460913ea3e40f','湖南省长沙市白沙街道白沙路4号','单位地址','有效','e4cde219428f425db9cb792995971175'),('f71ccf550d23405d94736211f8225bf5','江苏省无锡市梅村街道干休所4栋781室','户籍地址','有效','6e047b288e7b42c4bcb29e876c768217'),('fc555a86549b4fca949e9fc8863e1e2e','河南省郑州市郑州火车站东广场26号','单位地址','有效','d0cca57996e540df88035f08937a77d3'),('fc99aba1d9814c7db80df9cbb98de0d6','河南省郑州市金水区福元路李庄新城','现居住地','有效','3760bb1bf5164f09aee4db7cec26f2eb'),('fd8d81da8be3410eb5c21536e2bdade5','江苏省苏州市晶圆工业园','账单地址','有效','24513acf55be401987f135c2e6de6dd2'),('fd907bbb24dc4e7d9dc7f73ebbb42560','浙江省舟山市留园街道初一府4栋3单元4层215室','现居住地','有效','4f1cada326c541d4963cf2d46288805f'),('fe83ed67fba14264be8ca69da30db594','江苏省无锡市梅村街道干休所4栋781室','户籍地址','有效','84b95b4e5221435fad6f2545ca44ad17'),('feb6528a7a5047d9b2af48160e44acdc','上海市黄浦区新天地工业员物资方磨具','单位地址','有效','5f763c9e8a46432fb323e601eb333370');
/*!40000 ALTER TABLE `tbl_address` ENABLE KEYS */;
UNLOCK TABLES;

--
-- Table structure for table `tbl_contacts`
--

DROP TABLE IF EXISTS `tbl_contacts`;
/*!40101 SET @saved_cs_client     = @@character_set_client */;
/*!50503 SET character_set_client = utf8mb4 */;
CREATE TABLE `tbl_contacts` (
  `id` varchar(32) NOT NULL,
  `lawcase_id` varchar(32) DEFAULT NULL,
  `name` varchar(10) DEFAULT NULL,
  `sex` char(1) DEFAULT NULL,
  `relationship` char(5) DEFAULT NULL,
  `state` char(10) DEFAULT NULL,
  `number` char(11) DEFAULT NULL,
  PRIMARY KEY (`id`)
) ENGINE=InnoDB DEFAULT CHARSET=utf8mb4 COLLATE=utf8mb4_0900_ai_ci;
/*!40101 SET character_set_client = @saved_cs_client */;

--
-- Dumping data for table `tbl_contacts`
--

LOCK TABLES `tbl_contacts` WRITE;
/*!40000 ALTER TABLE `tbl_contacts` DISABLE KEYS */;
INSERT INTO `tbl_contacts` VALUES ('000d9f92282746928fc5e42d41c8327e','','系统消息',NULL,NULL,NULL,''),('059aebc4eabc4c6692fce268b6b277be','3760bb1bf5164f09aee4db7cec26f2eb','白梦雪','女','朋友','有效','19920122441'),('05b990ca9dcd4ac4b0a0c95e1b4c75c0','a778cb2be5024aa2b39a91a5e89847ab','红麝','女','朋友','有效','19920122441'),('0e1754ec94a2435fae7eb73facdd61ea','5e13041d08154afea2cf24d674e33b1a','李花开','女','朋友','有效','13365495505'),('0ec9cbdf42dd4294b599c2d34657c4e0','b690543c69ef4fc2938a84469912e3ec','薛其坤','男','邻居','有效','15530789962'),('11e17b81a48f499899714e07e2dc9a0a','73d54e878e8e433584c7347b93638cd4','龙葵','女','配偶','有效','13365495505'),('12728fd93d604b909b792894389243d7','13b855b7d79746459e7e722867c4d44d','梨花','女','同事','有效','19945203368'),('12b1becb906743e68557fc2372d27a83','8e18410f6a204363b24860ff1af76149','韩大伟','男','父亲','有效','15966478560'),('12e77ba689574342bfeee6d93dfa5fbf','3760bb1bf5164f09aee4db7cec26f2eb','王凤山','男','同事','有效','13233987549'),('13d9d481251749fb8dd7b0bcf848642e','3e9b6528221c41f4b1a16c7a0b220fe9','李新强','男','朋友','有效','19945203368'),('162e6a82a8874a7cb7c76b31ebd91f66','b690543c69ef4fc2938a84469912e3ec','赵苗苗','女','同事','有效','15689703358'),('19bc64ca99644fd98843ae8727a2c47b','bf87afa331f7456189d5b294ea88a06e','林冲','男','同事','有效','17966591123'),('1ab33ec3987f4624b187c403545cbaa7','5f763c9e8a46432fb323e601eb333370','韩大伟','男','父亲','有效','15966478560'),('1c0feb26f97f4e9dbec085afdb092f91','e9c5e6fd786842c795f90ed58271c638','青蛇','女','朋友','有效','13233987549'),('1e63265e61c14dad9bf214a35f38c33d','558f9ef3d7294133bd1e9f864a570a30','赵瑞龙','男','朋友','有效','19945203368'),('230f022f1aa14632937eace6573213aa','8a1a69cb9fdf4448879335a578e70eb6','华容','男','兄弟','有效','13699752011'),('2380d60345894615ba7f866d40584511','cc2380d603454615ba7f866d40584558','姬云鹏','男','朋友','失效','15640329918'),('2380d60345894615ba7f866d40584558','cc2380d603454615ba7f866d40584558','崔守亮','男','父亲','失效','19920122444'),('2380d6034qd94615ba7f866d40584511','cc2380d603454615ba7f866d40584558','悦来大酒店','-','工作','失效','03717590617'),('24e847f77fac40fc98b7289aea5cd7e3','fb71ea663229415d92506136286dc64b','蒋薇薇','女','同事','有效','13140787440'),('25689778081441e0882e9e19893565df','770df2c373374cb697dbf4d1b76deb8c','李达康','男','朋友','有效','13654784108'),('2795070a64874e4eb6b0ff9673c03cb0','7349da3a65e4428b986edfd27451e726','王泽泽','男','朋友','有效','15689703358'),('27be42fae7c747a693446467424febef','4f1cada326c541d4963cf2d46288805f','梨花','女','同事','有效','19945203368'),('3627d1ff916443ccba8ad1567b029788','0ffb6673e709417da0739f6431a918ee','韩大伟','男','同事','有效','13999874662'),('366be7200e3947a68d8ddcf0a56054e8','026e9e2497874d15817187508624a9e9','红麝','女','朋友','有效','19920122441'),('389f56c8050e4ef0b204bdfdc3ddced5','0130faf9777a4efea60cbec0cd5ad6ad','白梦雪','女','朋友','有效','19920122441'),('487a8d0919984cad968961143bd70a50','24513acf55be401987f135c2e6de6dd2','白色真','女','配偶','有效','16879446312'),('512b183199e34baea7e70f879d34e542','5e13041d08154afea2cf24d674e33b1a','王泽泽','男','朋友','有效','15689703358'),('635c5631ee3e4fdcb33a0ca5628a1bd7','0fe9eb681a9548c08ae3a35f5ec63f5f','赵东来','男','同学','有效','13563036671'),('63aac916eed449de8b26eeb1a0409b39','0130faf9777a4efea60cbec0cd5ad6ad','王凤山','男','同事','有效','13233987549'),('650b09fd9efe457fbf9e5ca1053cf2f2','cc2380d6034546159987866d40584558','刘平旺','男','父亲','有效','13777854391'),('6d61d39049034982897607a69d13cff5','0fe9eb681a9548c08ae3a35f5ec63f5f','赵西来','男','同学','有效','13563036671'),('75dc05ca514540d58f8a5489cab9492b','22eed6420e3249a5b2884d924226bfdb','李新强','男','朋友','有效','19945203368'),('787d9f92282746928fc5e42d41c8327e','cc2380d6034546159987866d40584558','刘琦','男','朋友','有效','19978463221'),('7d46cf2b27434cb7b8d0179293290c84','8c18e871ffb64ffca5f136ac5543031d','刘贺','男','朋友','有效','19920122441'),('7e990e160784414da5c2b8349377fc69','026e9e2497874d15817187508624a9e9','李新强','男','朋友','有效','19945203368'),('7ea0978012f44135ad93ea15f7081bac','e4cde219428f425db9cb792995971175','关雎鸠','女','配偶','有效','19945203368'),('807125e8fa30492b955feb565450c958','e4cde219428f425db9cb792995971175','祁同伟','男','同事','有效','16879446312'),('8624e489e5f04651a6120ed4b0d70989','4afde54b5a954463b0b20658466821f8','薛其坤','男','邻居','有效','15530789962'),('87113c82f3d2445e8f5d1e161e109787','0ffb6673e709417da0739f6431a918ee','姬云鹏','男','朋友','有效','13777164668'),('8c0081f867e74eb79235540f1a96c6dc','4afde54b5a954463b0b20658466821f8','赵苗苗','女','同事','有效','15689703358'),('90969b29fb1b45bfa3bf2d2d0a5829d1','fb71ea663229415d92506136286dc64b','刘贺','男','朋友','有效','19920122441'),('92cc2a55550e456eae5b3e498eae95b4','6e047b288e7b42c4bcb29e876c768217','刘贺','男','朋友','有效','19920122441'),('93ad8aa34e104bddbca8ebc4c289ffd8','2e521cf88da24fbc8af215099dbf56fe','祁同伟','男','同事','有效','16879446312'),('93fa79d555c94408b341cfe132981288','9f92e6e03f214c1a9c43dec6a2cc13d3','李达康','男','朋友','有效','13654784108'),('9941710b27f84bc9904d38898dc17627','8ba22b18624a4a819b762a464b49e9ae','赵瑞龙','男','朋友','有效','19945203368'),('9d116bbaf5e94db39228de186223b0d0','4f1cada326c541d4963cf2d46288805f','孟晚舟','男','同事','有效','13365495505'),('a11d57a9f99340c4b3d6475b053e5d4f','cc2380d6034546159987866d40584558','刘实交','男','朋友','有效','13782566613'),('a7109c97bc55442e8029619da422d9fa','73d54e878e8e433584c7347b93638cd4','韩大伟','男','父亲','有效','15966478560'),('a75a04ac717a413597fbb772b54021e4','8c18e871ffb64ffca5f136ac5543031d','蒋薇薇','女','同事','有效','13140787440'),('a89ec7681abf45a0be090454e9312c27','a778cb2be5024aa2b39a91a5e89847ab','李新强','男','朋友','有效','19945203368'),('b6be2f7372f8436187e4c1576fef6e52','84b95b4e5221435fad6f2545ca44ad17','刘贺','男','朋友','有效','19920122441'),('bdd70fe1602d4e7bbe56befd3b0a5d83','13b855b7d79746459e7e722867c4d44d','孟晚舟','男','同事','有效','13365495505'),('cb27a769472b4fd1be88f6484fd41222','9f92e6e03f214c1a9c43dec6a2cc13d3','赵葵如','女','朋友','有效','19945203368'),('cc48cbad8c6f456c9026f2f7a5e18141','0ffb6673e709417da0739f6431a918ee','李树成','男','父亲','有效','13777524381'),('d171792bf11d464295c879618bb79c45','8ba22b18624a4a819b762a464b49e9ae','韩悠悠','女','朋友','有效','13654784108'),('d54b986de2dc40eb9b42a0375818ed6a','24513acf55be401987f135c2e6de6dd2','华容','男','兄弟','有效','13699752011'),('d6137a63dae746a886f4ef46f87bdabc','7349da3a65e4428b986edfd27451e726','李花开','女','朋友','有效','13365495505'),('d69ffd86007641f5af6df572c987ff34','8a1a69cb9fdf4448879335a578e70eb6','白色真','女','配偶','有效','16879446312'),('dabf05308abd4d8b9be388e40d8cfa12','2e521cf88da24fbc8af215099dbf56fe','关雎鸠','女','配偶','有效','19945203368'),('dc771717abf54e81a33ce19388ce986f','0fe9eb681a9548c08ae3a35f5ec63f5f','赵男来','男','同学','有效','13563036671'),('e9b07b5b619f444794c393397303c76a','8e18410f6a204363b24860ff1af76149','龙葵','女','配偶','有效','13365495505'),('ec1372723af947309d0a1f364377372a','770df2c373374cb697dbf4d1b76deb8c','赵葵如','女','朋友','有效','19945203368'),('f44a84bb1faa4a1f9bd994a84418011c','bf87afa331f7456189d5b294ea88a06e','青蛇','女','朋友','有效','13233987549'),('fc5ba2e71f4140a794f4a1f41aa7b911','e9c5e6fd786842c795f90ed58271c638','林冲','男','同事','有效','17966591123'),('fdc2d0d868434e9ba32dd05f97ae1eba','558f9ef3d7294133bd1e9f864a570a30','韩悠悠','女','朋友','有效','13654784108');
/*!40000 ALTER TABLE `tbl_contacts` ENABLE KEYS */;
UNLOCK TABLES;

--
-- Table structure for table `tbl_dept`
--

DROP TABLE IF EXISTS `tbl_dept`;
/*!40101 SET @saved_cs_client     = @@character_set_client */;
/*!50503 SET character_set_client = utf8mb4 */;
CREATE TABLE `tbl_dept` (
  `id` varchar(32) NOT NULL,
  `name` char(10) DEFAULT NULL,
  `manager_id` varchar(32) DEFAULT NULL,
  `com1` decimal(20,4) DEFAULT '0.0000',
  `com2` decimal(20,4) DEFAULT '0.0000',
  `com3` decimal(20,4) DEFAULT '0.0000',
  `com4` decimal(20,4) DEFAULT '0.0000',
  `com5` decimal(20,4) DEFAULT '0.0000',
  `ach1` decimal(20,4) DEFAULT '0.0000',
  `ach2` decimal(20,4) DEFAULT '0.0000',
  `ach3` decimal(20,4) DEFAULT '0.0000',
  `ach4` decimal(20,4) DEFAULT '0.0000',
  `ach5` decimal(20,4) DEFAULT '0.0000',
  PRIMARY KEY (`id`)
) ENGINE=InnoDB DEFAULT CHARSET=utf8mb4 COLLATE=utf8mb4_0900_ai_ci;
/*!40101 SET character_set_client = @saved_cs_client */;

--
-- Dumping data for table `tbl_dept`
--

LOCK TABLES `tbl_dept` WRITE;
/*!40000 ALTER TABLE `tbl_dept` DISABLE KEYS */;
INSERT INTO `tbl_dept` VALUES ('cc2380d603423215ba7f036d96600545','公共案件账户','cc2380d603454615ba7f031340584557',0.0000,0.0000,0.0000,0.0000,0.0000,988998.0000,78542.0000,786760.0000,786645.0000,67868.0000),('cc2380d603454615ba7f036d96600542','郑州银行部门','cc2380d603454615ba7f031340584557',0.0000,0.0000,0.0000,0.0000,0.0000,53433.1200,88976.4530,456153.4560,687676.5600,686676.3450),('cc2380d603454615ba7f036d96600545','招商银行部门','cc2380d603454615ba7f031340584557',0.0000,0.0000,0.0000,0.0000,0.0000,46329.1600,43873.0000,987373.0000,735343.0000,334533.0000);
/*!40000 ALTER TABLE `tbl_dept` ENABLE KEYS */;
UNLOCK TABLES;

--
-- Table structure for table `tbl_dic`
--

DROP TABLE IF EXISTS `tbl_dic`;
/*!40101 SET @saved_cs_client     = @@character_set_client */;
/*!50503 SET character_set_client = utf8mb4 */;
CREATE TABLE `tbl_dic` (
  `id` char(32) DEFAULT NULL,
  `type` char(20) DEFAULT NULL,
  `value` char(10) DEFAULT NULL
) ENGINE=InnoDB DEFAULT CHARSET=utf8mb4 COLLATE=utf8mb4_0900_ai_ci;
/*!40101 SET character_set_client = @saved_cs_client */;

--
-- Dumping data for table `tbl_dic`
--

LOCK TABLES `tbl_dic` WRITE;
/*!40000 ALTER TABLE `tbl_dic` DISABLE KEYS */;
INSERT INTO `tbl_dic` VALUES ('2380d60345844615ba7f866d40584558','lawcase_state','谈判'),('2380d60345294615ba7f866d40584558','lawcase_state','查找'),('2380d66345894615ba7f866d40584558','lawcase_state','中人'),('2380160345894615ba7f866d40584558','lawcase_state','跟进'),('1380d60345894615ba7f866d40584558','lawcase_state','放弃');
/*!40000 ALTER TABLE `tbl_dic` ENABLE KEYS */;
UNLOCK TABLES;

--
-- Table structure for table `tbl_lawcase`
--

DROP TABLE IF EXISTS `tbl_lawcase`;
/*!40101 SET @saved_cs_client     = @@character_set_client */;
/*!50503 SET character_set_client = utf8mb4 */;
CREATE TABLE `tbl_lawcase` (
  `id` char(32) NOT NULL,
  `owner` char(32) DEFAULT NULL,
  `card_id` char(16) DEFAULT NULL,
  `card_bank` char(16) DEFAULT NULL,
  `card_money` decimal(20,4) DEFAULT NULL,
  `card_overdue_time` char(20) DEFAULT NULL,
  `card_create_time` char(20) DEFAULT NULL,
  `card_create_bank` varchar(255) DEFAULT NULL,
  `card_max_reduction` decimal(20,4) DEFAULT NULL,
  `lawcase_owner_id` char(18) DEFAULT NULL,
  `lawcase_owner_name` char(6) DEFAULT NULL,
  `lawcase_owner_age` char(3) DEFAULT NULL,
  `lawcase_owner_sex` char(1) DEFAULT NULL,
  `lawcase_owner_address` varchar(255) DEFAULT NULL,
  `state` char(10) DEFAULT NULL,
  `next_call_time` char(20) DEFAULT NULL,
  `color` char(10) DEFAULT NULL,
  `lawcase_level` char(1) DEFAULT NULL,
  `card_interest` decimal(20,4) DEFAULT NULL,
  `card_latefee` decimal(20,4) DEFAULT NULL,
  `last_call_time` char(20) DEFAULT NULL,
  `lawcase_id` char(16) DEFAULT NULL,
  `lawcase_owner_work` char(20) DEFAULT NULL,
  `lawcase_owner_work_address` varchar(255) DEFAULT NULL,
  `lawcase_owner_job` varchar(5) DEFAULT NULL,
  `card_list_address` varchar(255) DEFAULT NULL,
  `card_list_day` char(20) DEFAULT NULL,
  `lawcase_owner_now_address` varchar(255) DEFAULT NULL,
  PRIMARY KEY (`id`)
) ENGINE=InnoDB DEFAULT CHARSET=utf8mb4 COLLATE=utf8mb4_0900_ai_ci;
/*!40101 SET character_set_client = @saved_cs_client */;

--
-- Dumping data for table `tbl_lawcase`
--

LOCK TABLES `tbl_lawcase` WRITE;
/*!40000 ALTER TABLE `tbl_lawcase` DISABLE KEYS */;
INSERT INTO `tbl_lawcase` VALUES ('0130faf9777a4efea60cbec0cd5ad6ad','cc2380d603454615ba7f036d40584557','6204364583613553','郑州银行',44536.9200,'776','2001-01-01','浙江省杭州市西湖区下沙街道天元支行',3659.4800,'410585199304126178','李守刚','37','男','江苏省吴江市芦墟镇','查找','未设置',NULL,'D',1024.8600,4678.6500,'2021-07-20 19:31:09','0004321841746093','国家科研所','河南省郑州市高新技术开发区国家科研所','研究员','河南省郑州市高新技术开发区国家科研所','11','河南省郑州市金水区福元路李庄新城'),('026e9e2497874d15817187508624a9e9','cc2380d603454615ba7f036d40584557','6214364573613553','浦发银行',78951.2000,'168','2010-06-24','江苏省苏州市姑苏区下缘街道梦溪路支行',4560.1500,'416875199423463907','刘洋','65','男','广东省揭阳市玉兰镇李家弄106号','查找','未设置',NULL,'D',4516.1500,7795.8900,'2021-07-20 19:31:09','0004321841746088','苏恒人力资源','河南省郑州市郑州火车站东广场26号','业务员','河南省郑州市郑州火车站东广场26号','7','河南省郑州市中原区嵩阳街道大理新归园'),('0fe9eb681a9548c08ae3a35f5ec63f5f','cc2380d603454615ba7f036d40584522','6214364593613233','招商银行',15206.1530,'50','2000-12-15','浙江省杭州市西湖区下沙街道天元支行',8945.8400,'410895198605021135','冯巩公','45','男','浙江省金华市玉兰镇飞虎街道','查找','未设置',NULL,'D',5123.1200,4845.3652,'未跟进','1','风行车行','浙江省金华市玉兰镇飞虎街道天上人间对门','经理','浙江省金华市玉兰镇飞虎街道天上人间对门','15','浙江省金华市玉兰镇飞虎街道足疗保健中心'),('0ffb6673e709417da0739f6431a918ee','cc2380d603454615ba7f036d40584557','6214364583613523','招商银行',69432.3540,'153','2000-06-16','河南省郑州市二七区长江中路支行',21025.8800,'410585199304126678','李成','28','男','河南省新乡市红旗区兰屿新村1栋3层478室','跟进','未设置','red','D',1563.7890,5184.9850,'2021-07-16 19:31:09','0004321841746089','郑州新火文化传媒','河南省郑州市管城区文心路375号','策划','河南省郑州市管城区文心路375号','5','河南省郑州市管城区升龙又一城A栋1单元3层304室'),('24513acf55be401987f135c2e6de6dd2','cc2380d603454615ba7f036d40584557','6014364583613553','郑州银行',15362.9840,'379','2010-01-06','浙江省杭州市西湖区下沙街道天元支行',1561.4850,'416875342423466347','千文','37','男','广东省揭阳市玉兰镇李家弄106号','跟进','2021-06-11',NULL,'C',1063.7900,1531.4560,'2021-07-16 19:31:09','0004321841746091','郑州天权大酒店','江苏省苏州市晶圆工业园','大堂经理','江苏省苏州市晶圆工业园','12','江苏省苏州市晶圆男生宿舍1楼841号'),('4afde54b5a954463b0b20658466821f8','cc2380d603454615ba7f036d40584557','6214362583613553','建设银行',9875.3000,'77','1999-05-21','江苏省吴江市芦墟镇支行',1345.2300,'410585199304126671','赵明','65','男','河南省洛阳市宛城区西城街道支行106号','查找','未设置',NULL,'B',2041.4800,1134.6500,'2021-07-16 19:31:09','0004321841746084','郑州泽天下实业','河南省郑州市中原区嵩阳街道大理新归园','经理','河南省郑州市中原区嵩阳街道大理新归园','1','河南省郑州市金水区福元路李庄新城'),('4f1cada326c541d4963cf2d46288805f','cc2380d603454615ba7f036d40584557','6114364583613553','招商银行',103985.0000,'450','2000-01-28','江苏省无锡市梅村街道支行',51056.8870,'416875199421463347','时首千','24','女','河南省新乡市红旗区兰屿新村1栋3层478室','查找','未设置',NULL,'A',11501.7800,11860.1090,'2021-07-16 19:31:09','0004321841746085','周黑鸭柳江分店','浙江省舟山市柳江新天地A座1单元626号','店长','浙江省舟山市柳江新天地A座1单元626号','9','浙江省舟山市留园街道初一府4栋3单元4层215室'),('7349da3a65e4428b986edfd27451e726','cc2380d603454615ba7f036d40584557','6214364583613503','郑州银行',166897.5600,'549','2015-06-27','焦作市沁阳市沁园街道工贸支行',66416.7480,'410585199304121678','杨梦娟','24','女','浙江省杭州市西湖区下沙街道元成更胜公寓','跟进','未设置',NULL,'D',42360.7800,84491.4800,'2021-08-12 10:18:34','0004321841746092','SuSu电竞酒店','河南省郑州市郑州火车站东广场26号','前台','河南省郑州市郑州火车站东广场26号','10','河南省郑州市管城区升龙又一城A栋1单元3层304室'),('73d54e878e8e433584c7347b93638cd4','cc2380d603454615ba7f036d40584557','6214364593613553','浦发银行',797326.3200,'115','2002-06-23','河南省新乡市红旗区刘基街道支行',85416.4800,'410789199304126678','朱宜君','54','女','湖南省邵阳市邵阳区阳关风景度假村北6东街','跟进','2021-07-30',NULL,'D',314505.4000,94173.4800,'2021-07-16 19:31:09','0004321841746087','物资方磨具','上海市黄浦区新天地工业员物资方磨具','生产','上海市黄浦区新天地工业员物资方磨具','24','上海市黄浦区广厦城市之巅'),('770df2c373374cb697dbf4d1b76deb8c','cc2380d603454615ba7f036d40584557','6214364083613553','招商银行',14696.5940,'364','2010-13-13','广东省惠州市大亚湾名信路支行',4696.5940,'410585459304126678','决明子','34','男','河南省郑州市金水区福元路李庄新城','查找','未设置',NULL,'A',1063.7900,13015.1000,'未跟进','0004321841746086','MysPACE酒吧','河南省焦作市山阳区焦作大学对面300米路东','气氛组','河南省焦作市山阳区焦作大学对面300米路东','4','河南省焦作市山阳区焦作大学教职工宿舍'),('8ba22b18624a4a819b762a464b49e9ae','cc2380d603454615ba7f036d40584557','6214368583613553','交通银行',3543.6600,'786','2008-01-12','河南省郑州市金水区福元路支行',1500.1200,'410585199404126678','张择端','24','男','焦作市沁阳市沁园街道工贸学院党支部','查找','未设置',NULL,'A',784.6500,658.1500,'2021-07-16 19:31:09','0004321841746082','苏州晶圆精密','江苏省苏州市晶圆工业园','业务员','江苏省苏州市晶圆工业园','5','江苏省苏州市晶圆男生宿舍1楼841号'),('8c18e871ffb64ffca5f136ac5543031d','cc2380d603454615ba7f036d40584522','6214764583613553','交通银行',3453.6000,'68','2010-03-17','浙江省杭州市西湖区下沙街道天元支行',1000.0000,'416875139423463347','李玉','28','女','江苏省无锡市梅村街道干休所4栋781室','查找','未设置',NULL,'D',1548.6500,1015.1500,'未跟进','0004321841746081','杭州坤泽实业','浙江省杭州市江干区九堡街道东方电子商务园','催收员','浙江省杭州市江干区九堡街道东方电子商务园','12','浙江省杭州市江干区下沙街道和天下1楼120室'),('cc2380d6034546159987866d40584558','cc2380d603454615ba7f036d40584557','6214364583613523','兴业银行',89441.3540,'206','2000-06-16','郑州市金水区红专路支行',15000.0000,'410823200011294416','刘松涛','21','男','河南省郑州市金水区红专路港都新村','跟进','2021-06-08','black','C',8684.4864,2546.4542,'2021-06-25 19:50:24','0004321841746085','新创土木实验室','郑州市金水区郑州大学新创土木实验室','司机','郑州市金水区汇港新城B栋23楼427室','9','郑州市金水区汇港新城B栋23楼427室'),('cc2380d603454615ba7f866d40584558','cc2380d603454615ba7f031340584557','6214833783613006','招商银行',595115.1100,'105','2000-01-06','郑州市金水区福元路支行',12131.0000,'410823200011114597','崔惠康','23','男','河南省郑州市金水区广厦之巅','跟进','未设置',NULL,'D',5150.1500,1534.0500,'2021-06-23 23:31:49','0004321841746086','悦来大酒店','郑州市郑东新区金水东路49号绿地原盛国际3号楼C座2层','大堂经理','郑州市郑东新区天籁府4栋7楼123室','13','郑州市郑东新区天籁府4栋7楼123室'),('e4cde219428f425db9cb792995971175','cc2380d603454615ba7f036d40584522','6214364583313553','建设银行',48150.1326,'456','2004-12-30','焦作市沁阳市沁园街道工贸支行',10000.0000,'416855199423463347','姬云鹏','25','女','浙江省杭州市西湖区下沙街道元成更胜公寓','查找','未设置',NULL,'C',2046.5540,4567.4500,'未跟进','0004321841746083','国家土地资源局','湖南省长沙市白沙街道白沙路4号','业务员','湖南省长沙市白沙街道白沙路4号','7','湖南省邵阳市邵阳区阳关风景度假村北6东街'),('e9c5e6fd786842c795f90ed58271c638','cc2380d603454615ba7f036d40584522','6214364580613553','浦发银行',106913.2700,'783','2004-06-25','河南省洛阳市宛城区西城街道支行',78469.1200,'410585199980126678','赵明华','28','男','焦作市沁阳市沁园街道工贸学院党支部','查找','未设置',NULL,'C',6845.4410,7549.6400,'未跟进','0004321841746089','圆梦网咖','河南省焦作市马村区红旗路151号','前台','河南省焦作市山阳区焦作大学教职工宿舍','5','河南省焦作市武陟县詹店镇刘村北五东街三号');
/*!40000 ALTER TABLE `tbl_lawcase` ENABLE KEYS */;
UNLOCK TABLES;

--
-- Table structure for table `tbl_mail`
--

DROP TABLE IF EXISTS `tbl_mail`;
/*!40101 SET @saved_cs_client     = @@character_set_client */;
/*!50503 SET character_set_client = utf8mb4 */;
CREATE TABLE `tbl_mail` (
  `id` char(32) NOT NULL,
  `file_path` varchar(255) DEFAULT NULL,
  `text` text,
  `time` char(20) DEFAULT NULL,
  `title` varchar(255) DEFAULT NULL,
  `resource` char(32) DEFAULT NULL,
  PRIMARY KEY (`id`)
) ENGINE=InnoDB DEFAULT CHARSET=utf8mb4 COLLATE=utf8mb4_0900_ai_ci;
/*!40101 SET character_set_client = @saved_cs_client */;

--
-- Dumping data for table `tbl_mail`
--

LOCK TABLES `tbl_mail` WRITE;
/*!40000 ALTER TABLE `tbl_mail` DISABLE KEYS */;
INSERT INTO `tbl_mail` VALUES ('cc2380d603454615ba7f036d96600557','/static/file/mm.txt','关于招商银行崔惠康案件电催须知，收到客服反馈。客户表示欠款非本人所致，对于该卡并不知情。暂停催收，等待银行调查。','2021-5-28 08:16:21','关于招商银行崔惠康案件电催须知。','cc2380d603454615ba7f036d40584557'),('f1a9f2dfa37a47db8c41e56049714f1a',NULL,'2','2021-07-13 19:25:13','123','cc2380d603454615ba7f036d40584557'),('f2a4e0b08caa4ebca3df2e7feb4cfcf9','/static/file/f2a4e0b08caa4ebca3df2e7feb4cfcf9/BreventBat-2.1.zip','望周知。','2021-07-13 16:01:00','7-13招商银行部门电话时长','cc2380d603454615ba7f036d40584557');
/*!40000 ALTER TABLE `tbl_mail` ENABLE KEYS */;
UNLOCK TABLES;

--
-- Table structure for table `tbl_message`
--

DROP TABLE IF EXISTS `tbl_message`;
/*!40101 SET @saved_cs_client     = @@character_set_client */;
/*!50503 SET character_set_client = utf8mb4 */;
CREATE TABLE `tbl_message` (
  `id` varchar(32) NOT NULL,
  `message` varchar(255) DEFAULT NULL,
  `time` char(20) DEFAULT NULL,
  `resource` char(32) DEFAULT NULL,
  PRIMARY KEY (`id`)
) ENGINE=InnoDB DEFAULT CHARSET=utf8mb4 COLLATE=utf8mb4_0900_ai_ci;
/*!40101 SET character_set_client = @saved_cs_client */;

--
-- Dumping data for table `tbl_message`
--

LOCK TABLES `tbl_message` WRITE;
/*!40000 ALTER TABLE `tbl_message` DISABLE KEYS */;
/*!40000 ALTER TABLE `tbl_message` ENABLE KEYS */;
UNLOCK TABLES;

--
-- Table structure for table `tbl_note`
--

DROP TABLE IF EXISTS `tbl_note`;
/*!40101 SET @saved_cs_client     = @@character_set_client */;
/*!50503 SET character_set_client = utf8mb4 */;
CREATE TABLE `tbl_note` (
  `id` varchar(32) NOT NULL,
  `text` varchar(255) DEFAULT NULL,
  `lawcase_id` varchar(32) DEFAULT NULL,
  `contacts_id` varchar(32) DEFAULT NULL,
  `time` varchar(20) DEFAULT NULL,
  `user_name` char(10) DEFAULT NULL,
  PRIMARY KEY (`id`)
) ENGINE=InnoDB DEFAULT CHARSET=utf8mb4 COLLATE=utf8mb4_0900_ai_ci;
/*!40101 SET character_set_client = @saved_cs_client */;

--
-- Dumping data for table `tbl_note`
--

LOCK TABLES `tbl_note` WRITE;
/*!40000 ALTER TABLE `tbl_note` DISABLE KEYS */;
INSERT INTO `tbl_note` VALUES ('012a3d3ddb494e87bc63de9698b01bb4','分配案件至公共账户。','8c18e871ffb64ffca5f136ac5543031d','000d9f92282746928fc5e42d41c8327e','2021-07-16 08:46:14','刘贺'),('0489c67a65c54a4ca21f68a2a2449571','分配案件至刘贺。','4f1cada326c541d4963cf2d46288805f','000d9f92282746928fc5e42d41c8327e','2021-07-16 19:31:09','刘贺'),('0d50c6305d654fe28bfa9cd44eaea687','分配案件至公共账户。','026e9e2497874d15817187508624a9e9','000d9f92282746928fc5e42d41c8327e','2021-07-16 08:46:14','刘贺'),('1195a59d402347ab8d418b14631ef18e','无接。','cc2380d6034546159987866d40584558','650b09fd9efe457fbf9e5ca1053cf2f2','2021-06-15 18:24:11','刘贺'),('1e330a7899104327884b4e33c85adf22','无人接听/','7349da3a65e4428b986edfd27451e726','2795070a64874e4eb6b0ff9673c03cb0','2021-08-11 11:14:09','刘贺'),('25cd635eaf7a4af6aa3fe6a5b5902467','分配案件至刘贺。','0ffb6673e709417da0739f6431a918ee','000d9f92282746928fc5e42d41c8327e','2021-07-16 19:31:09','刘贺'),('2d9639c4dbdb41e0a825b0d24db14e73','分配案件至刘贺。','8ba22b18624a4a819b762a464b49e9ae','000d9f92282746928fc5e42d41c8327e','2021-07-16 19:31:09','刘贺'),('2f04ba164662454d86757adcade78ff7','无接。','cc2380d6034546159987866d40584558','650b09fd9efe457fbf9e5ca1053cf2f2','2021-06-16 23:09:18','刘贺'),('3337e45691944967bf7c6dd7eb10da35','分配案件至公共账户。','0130faf9777a4efea60cbec0cd5ad6ad','000d9f92282746928fc5e42d41c8327e','2021-07-16 08:46:14','刘贺'),('35e384490a4c437c9ae34815154a4d2a','分配案件至武晨。','0130faf9777a4efea60cbec0cd5ad6ad','000d9f92282746928fc5e42d41c8327e','2021-07-16 11:28:08','刘贺'),('39449e407a284df7983fb4aaddc092b0','分配案件至刘贺。','026e9e2497874d15817187508624a9e9','000d9f92282746928fc5e42d41c8327e','2021-07-16 19:31:09','刘贺'),('39aea27da1e04503a414223d4f293d50','无人接听。','7349da3a65e4428b986edfd27451e726','d6137a63dae746a886f4ef46f87bdabc','2021-08-12 10:18:34','刘贺'),('3a03ed83dab2464a9835e8d34634ed2c','分配案件至公共账户。','e9c5e6fd786842c795f90ed58271c638','000d9f92282746928fc5e42d41c8327e','2021-07-16 08:46:14','刘贺'),('3c77b3cb05814cba83c163a61eb0309e','分配案件至公共账户。','e4cde219428f425db9cb792995971175','000d9f92282746928fc5e42d41c8327e','2021-07-16 08:46:14','刘贺'),('3d87037a107b4755a75eb4f0ff9a7f28','分配案件至公共账户。','770df2c373374cb697dbf4d1b76deb8c','000d9f92282746928fc5e42d41c8327e','2021-07-16 08:46:14','刘贺'),('564291ccc69c41b58dd70d6ce1363a93','分配案件至公共案件账户。','0ffb6673e709417da0739f6431a918ee','000d9f92282746928fc5e42d41c8327e','2021-06-23 23:31:46','刘贺'),('68ef71623c6249bb8f25d2c56ad27ed5','分配案件至公共账户。','24513acf55be401987f135c2e6de6dd2','000d9f92282746928fc5e42d41c8327e','2021-07-16 08:46:14','刘贺'),('7cd395b943c3483dba8c197988b983f2','接电称与债是朋友，提到债欠款的事情挂断。','cc2380d6034546159987866d40584558','787d9f92282746928fc5e42d41c8327e','2021-06-16 23:07:14','刘贺'),('8fb2d18b3aae462aac6ea7d7b03cf5ed','分配案件至刘贺。','73d54e878e8e433584c7347b93638cd4','000d9f92282746928fc5e42d41c8327e','2021-07-16 19:31:09','刘贺'),('9045784c7b6e414589665c6b557ebee6','分配案件至公共账户。','7349da3a65e4428b986edfd27451e726','000d9f92282746928fc5e42d41c8327e','2021-07-16 08:46:14','刘贺'),('91684aa68d50499da0248d9b3f3f2277','分配案件至刘贺。','4afde54b5a954463b0b20658466821f8','000d9f92282746928fc5e42d41c8327e','2021-07-16 19:31:09','刘贺'),('91f45acea242463c8195eac40da68d3d','分配案件至公共账户。','4afde54b5a954463b0b20658466821f8','000d9f92282746928fc5e42d41c8327e','2021-07-16 08:46:14','刘贺'),('a397aa03d2344d41ab5ea7440c77e61c','分配案件至公共账户。','0fe9eb681a9548c08ae3a35f5ec63f5f','000d9f92282746928fc5e42d41c8327e','2021-08-19 15:41:18','刘贺'),('b072e0ff6c514f8aa86457c33a6d0e33','分配案件至刘贺。','24513acf55be401987f135c2e6de6dd2','000d9f92282746928fc5e42d41c8327e','2021-07-16 19:31:09','刘贺'),('b587b5cd77034ae380fa5fc92a5364f0','标记案件颜色为黄色。','cc2380d6034546159987866d40584558','000d9f92282746928fc5e42d41c8327e','2021-06-25 19:49:09','刘贺'),('bdcad67649f14816b39db137a85dfbb7','标记案件颜色为绿色。','cc2380d6034546159987866d40584558','000d9f92282746928fc5e42d41c8327e','2021-06-25 19:50:15','刘贺'),('cc2380d603123615ba7f866d40584558','债父接电，声称对债欠款的事情不知情。只说债一直在外地工作，很久没回过户籍地老家。并且极其反感致电，挂断。','cc2380d603454615ba7f866d40584558','2380d60345894615ba7f866d40584558','2021-05-31 17:31:14','刘贺'),('cc2380d603123615ba7f866d4058455f','接电称是债友，说债本来是做酒店大堂经理，月收入约1w左右，但是因为沉迷赌博。欠了网贷，以贷养贷才造成欠款，称债家中有代偿能力。其余不方便透露。','cc2380d603454615ba7f866d40584558','2380d60345894615ba7f866d40584511','2021-05-30 17:31:14','刘贺'),('d2442a2bd23a426facd2a365e627dd72','分配案件至公共账户。','4f1cada326c541d4963cf2d46288805f','000d9f92282746928fc5e42d41c8327e','2021-07-16 08:46:14','刘贺'),('d6d3ca4cf57c46b386bfe24189b9ac83','分配案件至公共案件账户。','cc2380d603454615ba7f866d40584558','000d9f92282746928fc5e42d41c8327e','2021-06-23 23:31:46','刘贺'),('d9dadff9793e4cc183f90b91b087bbb4','分配案件至公共账户。','73d54e878e8e433584c7347b93638cd4','000d9f92282746928fc5e42d41c8327e','2021-07-16 08:46:14','刘贺'),('dab0f77347894e318acf973e12f0b89a','分配案件至刘贺。','cc2380d6034546159987866d40584558','000d9f92282746928fc5e42d41c8327e','2021-06-23 23:31:49','刘贺'),('dc85c27d8fe44dccac8821a09edb48db','分配案件至公共案件账户。','cc2380d6034546159987866d40584558','000d9f92282746928fc5e42d41c8327e','2021-06-23 23:31:46','刘贺'),('df53470ab2e94ba2af7703eadd8a1719','分配案件至刘贺。','7349da3a65e4428b986edfd27451e726','000d9f92282746928fc5e42d41c8327e','2021-07-16 19:31:09','刘贺'),('e10135cdafc249509ae2ad280f0e23c2','分配案件至武晨。','cc2380d603454615ba7f866d40584558','000d9f92282746928fc5e42d41c8327e','2021-06-23 23:31:49','刘贺'),('f12955b182a34e22a56ac5a788fb820b','接电是悦来大酒店前台，称自己来这里工作不久，从来没听到过这个人。','cc2380d603454615ba7f866d40584558','2380d6034qd94615ba7f866d40584511','2021-06-04 22:23:32','刘贺'),('f76b31fabb944e3cb20ae68b009b75a4','分配案件至武晨。','0ffb6673e709417da0739f6431a918ee','000d9f92282746928fc5e42d41c8327e','2021-06-23 23:31:49','刘贺'),('f880679aa37c46a8ae19ca56c9bb5d08','分配案件至刘贺。','0130faf9777a4efea60cbec0cd5ad6ad','000d9f92282746928fc5e42d41c8327e','2021-07-16 19:31:09','刘贺'),('fb33d60d4b0c4f5aa30d193f56a2be4f','分配案件至公共账户。','8ba22b18624a4a819b762a464b49e9ae','000d9f92282746928fc5e42d41c8327e','2021-07-16 08:46:14','刘贺');
/*!40000 ALTER TABLE `tbl_note` ENABLE KEYS */;
UNLOCK TABLES;

--
-- Table structure for table `tbl_repayment`
--

DROP TABLE IF EXISTS `tbl_repayment`;
/*!40101 SET @saved_cs_client     = @@character_set_client */;
/*!50503 SET character_set_client = utf8mb4 */;
CREATE TABLE `tbl_repayment` (
  `id` char(32) NOT NULL,
  `lawcase_id` varchar(32) DEFAULT NULL,
  `money` decimal(20,4) DEFAULT NULL,
  `card_id` char(32) DEFAULT NULL,
  `time` char(11) DEFAULT NULL,
  PRIMARY KEY (`id`),
  UNIQUE KEY `tbl_repayment_id_uindex` (`id`)
) ENGINE=InnoDB DEFAULT CHARSET=utf8mb4 COLLATE=utf8mb4_0900_ai_ci;
/*!40101 SET character_set_client = @saved_cs_client */;

--
-- Dumping data for table `tbl_repayment`
--

LOCK TABLES `tbl_repayment` WRITE;
/*!40000 ALTER TABLE `tbl_repayment` DISABLE KEYS */;
INSERT INTO `tbl_repayment` VALUES ('1838c083bc2c4c0598cc81fb3f2393a8','0004321841746093',123.0200,'6204364583613553','2021-15-15'),('8ef4437cd97e425b8f1a872a6f7fa292','0004321841746093',123.0200,'6204364583613553','2021-15-15'),('a5e636c7eb0d4e12ba2a14efc703819d','0004321841746093',123.0200,'6204364583613553','2021-15-15');
/*!40000 ALTER TABLE `tbl_repayment` ENABLE KEYS */;
UNLOCK TABLES;

--
-- Table structure for table `tbl_user`
--

DROP TABLE IF EXISTS `tbl_user`;
/*!40101 SET @saved_cs_client     = @@character_set_client */;
/*!50503 SET character_set_client = utf8mb4 */;
CREATE TABLE `tbl_user` (
  `id` varchar(32) NOT NULL,
  `name` char(10) NOT NULL,
  `dept` char(32) NOT NULL,
  `root` char(5) NOT NULL,
  `job` char(5) NOT NULL,
  `user_name` varchar(255) NOT NULL,
  `password` varchar(255) NOT NULL,
  `job_number` char(6) NOT NULL,
  `phone` char(11) DEFAULT NULL,
  `creataTime` char(20) DEFAULT NULL,
  `sex` char(1) DEFAULT NULL,
  `age` int DEFAULT NULL,
  `cardId` char(18) DEFAULT NULL,
  `com1` decimal(20,4) DEFAULT '0.0000',
  `com2` decimal(20,4) DEFAULT '0.0000',
  `com3` decimal(20,4) DEFAULT '0.0000',
  `com4` decimal(20,4) DEFAULT '0.0000',
  `com5` decimal(20,4) DEFAULT '0.0000',
  `ach1` decimal(20,4) DEFAULT '0.0000',
  `ach2` decimal(20,4) DEFAULT '0.0000',
  `ach3` decimal(20,4) DEFAULT '0.0000',
  `ach4` decimal(20,4) DEFAULT '0.0000',
  `ach5` decimal(20,4) DEFAULT '0.0000',
  PRIMARY KEY (`id`)
) ENGINE=InnoDB DEFAULT CHARSET=utf8mb4 COLLATE=utf8mb4_0900_ai_ci;
/*!40101 SET character_set_client = @saved_cs_client */;

--
-- Dumping data for table `tbl_user`
--

LOCK TABLES `tbl_user` WRITE;
/*!40000 ALTER TABLE `tbl_user` DISABLE KEYS */;
INSERT INTO `tbl_user` VALUES ('cc2380d603454615ba7f031340584557','武晨','cc2380d603454615ba7f036d96600545','0','催收经理','456','456','781869','17630029474','2021/5/12','男',24,'410753199405231173',0.0000,0.0000,0.0000,0.0000,0.0000,453450.1200,0.0000,0.0000,0.0000,0.0000),('cc2380d603454615ba7f036d40584522','公共案件账户','cc2380d603423215ba7f036d96600545','1','账户','zhaoshangyinhang','zhaoshangyinhang','112233','-----------','2021/3/12','女',0,'------------------',0.0000,0.0000,0.0000,0.0000,0.0000,0.0000,0.0000,0.0000,0.0000,0.0000),('cc2380d603454615ba7f036d40584557','刘贺','cc2380d603454615ba7f036d96600545','1','部门经理','123','123','549527','19920122441','2021/3/12','男',21,'410823200012260071',41203.0000,51310.0000,0.0000,23641.3200,10650.7100,97624.2000,99810.1500,0.0000,53813.1500,36484.0000);
/*!40000 ALTER TABLE `tbl_user` ENABLE KEYS */;
UNLOCK TABLES;

--
-- Table structure for table `tbl_user_mail_relationship`
--

DROP TABLE IF EXISTS `tbl_user_mail_relationship`;
/*!40101 SET @saved_cs_client     = @@character_set_client */;
/*!50503 SET character_set_client = utf8mb4 */;
CREATE TABLE `tbl_user_mail_relationship` (
  `id` char(32) NOT NULL,
  `user_id` char(32) DEFAULT NULL,
  `mail_id` char(32) DEFAULT NULL,
  `state` char(2) DEFAULT NULL,
  PRIMARY KEY (`id`)
) ENGINE=InnoDB DEFAULT CHARSET=utf8mb4 COLLATE=utf8mb4_0900_ai_ci;
/*!40101 SET character_set_client = @saved_cs_client */;

--
-- Dumping data for table `tbl_user_mail_relationship`
--

LOCK TABLES `tbl_user_mail_relationship` WRITE;
/*!40000 ALTER TABLE `tbl_user_mail_relationship` DISABLE KEYS */;
INSERT INTO `tbl_user_mail_relationship` VALUES ('8923e427f54148c8b53682461b9eff20','cc2380d603454615ba7f036d40584557','f2a4e0b08caa4ebca3df2e7feb4cfcf9','已读'),('918119202d2b47edb2acf9e1ca06f9d5','cc2380d603454615ba7f031340584557','f2a4e0b08caa4ebca3df2e7feb4cfcf9','未读'),('cc2380d439654615ba7f036d40584557','cc2380d603454615ba7f036d40584557','cc2380d603454615ba7f036d96600557','未读');
/*!40000 ALTER TABLE `tbl_user_mail_relationship` ENABLE KEYS */;
UNLOCK TABLES;

--
-- Table structure for table `tbl_user_message_relationship`
--

DROP TABLE IF EXISTS `tbl_user_message_relationship`;
/*!40101 SET @saved_cs_client     = @@character_set_client */;
/*!50503 SET character_set_client = utf8mb4 */;
CREATE TABLE `tbl_user_message_relationship` (
  `id` varchar(32) NOT NULL,
  `user_id` varchar(32) DEFAULT NULL,
  `message_id` varchar(32) DEFAULT NULL,
  `state` char(2) DEFAULT NULL,
  PRIMARY KEY (`id`)
) ENGINE=InnoDB DEFAULT CHARSET=utf8mb4 COLLATE=utf8mb4_0900_ai_ci;
/*!40101 SET character_set_client = @saved_cs_client */;

--
-- Dumping data for table `tbl_user_message_relationship`
--

LOCK TABLES `tbl_user_message_relationship` WRITE;
/*!40000 ALTER TABLE `tbl_user_message_relationship` DISABLE KEYS */;
/*!40000 ALTER TABLE `tbl_user_message_relationship` ENABLE KEYS */;
UNLOCK TABLES;

--
-- Table structure for table `tbl_workinfo`
--

DROP TABLE IF EXISTS `tbl_workinfo`;
/*!40101 SET @saved_cs_client     = @@character_set_client */;
/*!50503 SET character_set_client = utf8mb4 */;
CREATE TABLE `tbl_workinfo` (
  `id` varchar(32) NOT NULL,
  `owner_id` varchar(32) DEFAULT NULL,
  `month_achievement` decimal(10,0) DEFAULT NULL,
  `month_repayment` decimal(10,0) DEFAULT NULL,
  `month1_repayment` decimal(10,0) DEFAULT NULL,
  `month2_repayment` decimal(10,0) DEFAULT NULL,
  `month3_repayment` decimal(10,0) DEFAULT NULL,
  `month4_repayment` decimal(10,0) DEFAULT NULL,
  PRIMARY KEY (`id`)
) ENGINE=InnoDB DEFAULT CHARSET=utf8mb4 COLLATE=utf8mb4_0900_ai_ci;
/*!40101 SET character_set_client = @saved_cs_client */;

--
-- Dumping data for table `tbl_workinfo`
--

LOCK TABLES `tbl_workinfo` WRITE;
/*!40000 ALTER TABLE `tbl_workinfo` DISABLE KEYS */;
/*!40000 ALTER TABLE `tbl_workinfo` ENABLE KEYS */;
UNLOCK TABLES;
/*!40103 SET TIME_ZONE=@OLD_TIME_ZONE */;

/*!40101 SET SQL_MODE=@OLD_SQL_MODE */;
/*!40014 SET FOREIGN_KEY_CHECKS=@OLD_FOREIGN_KEY_CHECKS */;
/*!40014 SET UNIQUE_CHECKS=@OLD_UNIQUE_CHECKS */;
/*!40101 SET CHARACTER_SET_CLIENT=@OLD_CHARACTER_SET_CLIENT */;
/*!40101 SET CHARACTER_SET_RESULTS=@OLD_CHARACTER_SET_RESULTS */;
/*!40101 SET COLLATION_CONNECTION=@OLD_COLLATION_CONNECTION */;
/*!40111 SET SQL_NOTES=@OLD_SQL_NOTES */;

-- Dump completed on 2021-08-20  8:05:25
